MFCC_2,MFCC_4,MFCC_5,MFCC_6,MFCC_7,MFCC_8,MFCC_9,MFCC_10,Chroma_3,ZCR,Person
11.93171215057373,20.392362594604492,-12.569884300231934,-9.185052871704102,-22.181177139282227,-15.468462944030762,-18.096763610839844,-22.68051528930664,0.3728982210159302,0.057848743556701,AndresCalzada
35.9165153503418,22.1088809967041,24.504037857055664,9.65380859375,2.0404794216156006,-5.428279399871826,-5.480868339538574,-4.3110175132751465,0.4411515891551971,0.090154909620098,Sergio
5.93995475769043,28.597253799438477,2.791661262512207,-8.91430377960205,-27.713932037353516,-8.552114486694336,-2.6639230251312256,-17.66227912902832,0.1698420047760009,0.0415120442708333,Irma
25.816286087036133,33.01186752319336,9.52474308013916,-15.784515380859377,-16.70229721069336,-7.565487861633301,-10.083037376403809,-16.490985870361328,0.5497235655784607,0.0644808682528409,LuisG
23.988588333129883,19.67609405517578,12.366803169250488,-32.18351364135742,-11.395404815673828,-11.703521728515623,-23.598487854003903,-7.948145866394043,0.2520430386066437,0.1557730741279069,MauM
44.31572723388672,15.992297172546388,17.575511932373047,-0.4299872815608978,2.930030345916748,-7.142747402191162,-7.85869550704956,-5.655274868011475,0.3048806190490722,0.0722437616604477,Francisco
50.23628234863281,24.27068519592285,9.346976280212402,-0.2064635902643203,-13.609375953674316,2.845339775085449,9.388914108276367,-14.194500923156738,0.2964273989200592,0.0257893133600917,Marlon
20.3587589263916,10.857895851135254,-6.6026611328125,-14.240655899047852,-17.021865844726562,-12.019976615905762,-6.855922698974609,-15.808499336242676,0.2052353322505951,0.16627197265625,BetoM
47.89406204223633,29.799089431762695,19.417593002319336,4.564624309539795,1.8789565563201904,3.0174410343170166,-2.820484161376953,-8.238930702209473,0.3200208246707916,0.0488006161971831,Mario
19.473291397094727,25.64984893798828,21.833816528320312,4.736184597015381,4.150643825531006,-2.4212117195129395,-3.695411443710327,-4.121312618255615,0.2040112167596817,0.0879065040650406,Yosira
27.621461868286133,24.867284774780273,15.249021530151367,15.33869457244873,3.2110178470611572,-3.702566385269165,1.917695999145508,-1.6449124813079834,0.4578533470630646,0.0719009592563291,David
8.372320175170898,19.54666519165039,-6.836788654327393,-16.34558868408203,-11.954505920410156,-17.403396606445312,-24.38949203491211,-14.432543754577637,0.1607945710420608,0.0648352581521739,Ariana
1.850452780723572,12.062835693359377,-3.829220533370972,-2.7656214237213135,-4.833806037902832,-13.025684356689451,-18.144203186035156,-15.016087532043455,0.3784620761871338,0.0911263992537313,Mariana
-14.308985710144045,31.803619384765625,-22.260412216186523,-17.901893615722656,-17.66012191772461,-18.100860595703125,-26.18706321716309,-17.541749954223633,0.2025717347860336,0.0476205008370535,Ariana
10.454282760620115,2.2251617908477783,-17.169015884399414,-32.52085494995117,-0.8798195123672485,-16.260486602783203,-20.93077087402344,-5.381149768829346,0.3099955320358276,0.13011474609375,AdriaM
20.514652252197266,24.61588478088379,23.05749130249023,-1.8874715566635132,0.5953798294067383,-9.189599990844728,-3.108812093734741,-7.233066558837891,0.1914876252412796,0.0566663240131578,Yosira
33.907623291015625,27.5762996673584,40.720157623291016,-1.6654914617538452,3.965368032455444,-11.219208717346191,-4.841439247131348,-2.45634388923645,0.4383785128593445,0.0604463465073529,Sergio
31.208297729492188,31.483503341674805,39.3635368347168,-9.68931007385254,2.1761698722839355,-8.829788208007812,-1.4211783409118652,4.43309211730957,0.4011801183223724,0.0655322265625,Sergio
17.441316604614258,15.581408500671388,16.597442626953125,-0.3857347667217254,4.403172969818115,-17.130857467651367,-6.8715033531188965,-4.486473083496094,0.2397876530885696,0.072496916118421,Yosira
14.328493118286133,1.3577988147735596,-15.442831993103027,-36.85987091064453,-5.681612014770508,-16.26726531982422,-20.09043884277344,-2.403578042984009,0.2989569008350372,0.1202423878205128,AdriaM
7.784352779388428,-3.205267906188965,-33.38202667236328,-25.17808723449707,0.6903543472290039,-27.49002265930176,-10.459524154663086,-0.9665502309799194,0.1061081439256668,0.1033440667229729,AdriaM
-9.051569938659668,25.232711791992188,-13.848719596862791,-16.5551815032959,-20.430042266845703,-21.18523597717285,-27.453554153442383,-14.009904861450195,0.1981800496578216,0.0371711827531645,Ariana
12.554361343383787,5.299293518066406,-11.387093544006348,-3.60634708404541,-16.95964241027832,-23.90856552124023,-16.958948135375977,-14.292492866516112,0.5032515525817871,0.0359597507911392,Mariana
-19.626874923706055,14.980958938598633,-36.08702087402344,-21.700239181518555,-20.34273910522461,-22.52764892578125,-25.844762802124023,-4.98079252243042,0.1903753280639648,0.0533621651785714,Ariana
33.363494873046875,15.8043212890625,10.620295524597168,14.718976020812988,-2.695141315460205,-3.0897510051727295,-3.3952324390411377,-7.067175388336182,0.412943035364151,0.1021625564759036,Ignacio
12.861092567443848,1.1362547874450684,4.053736686706543,-4.830801486968994,-2.7704858779907227,-13.867834091186523,-8.534859657287598,-0.2726258933544159,0.420024573802948,0.0908757990056818,Cielo
14.509915351867676,22.58760452270508,5.689040184020996,-8.417548179626465,-18.533466339111328,-9.837359428405762,-4.9723663330078125,-14.059639930725098,0.1729689389467239,0.0708292643229166,Irma
47.043338775634766,27.802595138549805,19.46651077270508,7.343582630157471,-5.814733028411865,-3.4188215732574463,0.1913871467113495,-6.760488033294678,0.32168909907341,0.071593167489035,Marlon
14.090203285217283,0.1509962975978851,-0.8651423454284668,-27.834081649780273,-25.21637535095215,-7.446526527404785,11.112049102783203,-14.183645248413086,0.3344786763191223,0.0576719945790816,Vanessa
44.431114196777344,26.884302139282227,20.542882919311523,5.734351634979248,1.9138453006744385,2.5623345375061035,-3.585996150970459,-1.8642221689224243,0.342162162065506,0.0862715871710526,Francisco
3.2078917026519775,25.948291778564453,4.1306304931640625,-4.707459449768066,-23.894004821777344,-7.313623428344727,-2.6660497188568115,-18.528921127319336,0.1783032864332199,0.0406150817871093,Irma
34.22566604614258,26.564359664916992,1.0374698638916016,0.529388964176178,-3.3027420043945312,-12.476229667663574,-12.226153373718262,-12.039664268493652,0.3712581694126129,0.0722563244047619,AndresCalzada
3.378899335861206,27.069108963012695,-0.5109409689903259,-7.630125045776367,-21.51583480834961,-4.239947319030762,0.9648714065551758,-11.158245086669922,0.1806466728448867,0.0519984654017857,Irma
9.255181312561035,14.85707187652588,8.097038269042969,-37.51045227050781,-6.789639472961426,-15.819418907165527,-28.075151443481445,-0.2539156377315521,0.2512955963611603,0.135800316220238,MauM
36.71162796020508,18.681974411010746,13.480853080749512,-6.958535194396973,-4.870755195617676,-7.851273536682129,-8.084528923034668,-7.327556610107422,0.3333905041217804,0.0683521943933823,Didier
38.971961975097656,13.221160888671877,7.830869197845459,-21.508411407470703,-3.1016170978546143,-18.535804748535156,-7.612781047821045,-10.244750022888184,0.2081206887960434,0.0657948726365546,Camila
36.90276336669922,23.818283081054688,23.94071578979492,-14.050877571105955,-4.713075160980225,-12.410720825195312,-5.947367191314697,-3.3663489818573,0.3699118196964264,0.0500815083661417,Didier
31.39643669128418,18.629281997680664,-1.854792237281799,-29.88802719116211,-5.320522785186768,-13.46979522705078,-7.1593170166015625,-5.380289077758789,0.2182547003030777,0.0876227184734513,Maria
32.40815734863281,20.605440139770508,21.055469512939453,-2.5268359184265137,-6.395442485809326,-5.598176002502441,7.240833759307861,-4.959934234619141,0.4623482525348663,0.109965587797619,Lex
31.817514419555664,16.538488388061523,23.27436065673828,9.806878089904783,-0.3111339211463928,-5.636257648468018,5.812786102294922,-4.4590888023376465,0.3162162899971008,0.1323674294800885,Lex
27.707462310791016,17.765047073364258,20.76953125,0.8963801264762878,1.6107840538024902,-8.682254791259766,-5.933954238891602,-11.081948280334473,0.277228444814682,0.0530160757211538,Yosira
-6.852250576019287,27.79910659790039,-11.787102699279783,-17.831758499145508,-21.269197463989254,-20.72560691833496,-28.60151481628418,-16.933778762817383,0.1322712302207946,0.0386432150135869,Ariana
9.39805793762207,2.7823421955108643,-15.790619850158691,-21.04889678955078,1.8110318183898928,-14.774710655212402,-10.268404960632324,-0.0066515142098069,0.4157659411430359,0.1304634712837837,AdriaM
40.91529846191406,28.261310577392575,23.987409591674805,-11.320598602294922,-2.841162919998169,-6.7110595703125,-9.191998481750488,-2.648838996887207,0.316929817199707,0.0387394831730769,Didier
23.34406852722168,13.410743713378906,7.230714321136475,1.4154267311096191,-0.285376489162445,-1.1898889541625977,-2.200082778930664,-3.9489424228668217,0.5317479968070984,0.0980758666992187,Erik
27.42239570617676,13.433387756347656,-0.2806810736656189,-8.859384536743164,-19.562406539916992,-13.10919189453125,-16.317646026611328,-19.03839683532715,0.1185580939054489,0.0385493064413265,DafneA
20.65684700012207,-3.3097665309906006,-20.039051055908203,-27.00081443786621,-17.514589309692383,-15.792367935180664,-10.451942443847656,-13.083885192871094,0.073023609817028,0.1742596293604651,AleM
28.40092086791992,15.165742874145508,-3.026700258255005,-15.214116096496582,-8.503107070922852,1.526523232460022,-10.451515197753906,-9.518126487731934,0.2587300539016723,0.0353306361607142,Esther
19.843120574951172,16.39910316467285,10.284798622131348,-32.48540496826172,-10.994994163513184,-11.38741397857666,-19.5385684967041,-5.262502193450928,0.2948195040225982,0.1619731104651162,MauM
24.512392044067383,5.431640148162842,-14.618605613708496,-42.75822448730469,-8.225343704223633,-30.7160587310791,-14.981409072875977,7.873359203338623,0.3643136918544769,0.1548295454545454,MauM
-19.592750549316406,-5.607330799102783,-18.51015281677246,-30.88007926940918,-47.26134490966797,-11.08231258392334,-17.203569412231445,-16.107196807861328,0.2005264014005661,0.0381260702054794,Ariana
22.397001266479492,18.004680633544922,10.191730499267578,12.14796543121338,-4.159225940704346,-0.0426540002226829,-2.2395873069763184,-8.096656799316406,0.367104172706604,0.09314453125,Ignacio
4.822721481323242,26.1964054107666,0.7290399074554443,-6.234606742858887,-26.161605834960938,-6.59701681137085,-2.5661466121673584,-21.289155960083008,0.1989900022745132,0.0390344838627049,Irma
25.87293815612793,17.55803680419922,11.52912425994873,-3.2629241943359375,-5.2905426025390625,-10.494185447692873,-7.369704246520996,-5.302254676818848,0.4312703013420105,0.0589083158052884,Yosira
14.43580150604248,7.747417449951172,5.865663051605225,3.394624948501587,2.265190839767456,-8.725214958190918,-5.810575008392334,1.4681698083877563,0.1718416959047317,0.0873209635416666,Cielo
20.480484008789062,32.2619514465332,16.372217178344727,16.671001434326172,-11.515414237976074,-13.269165992736816,0.9522828459739684,-6.408693313598633,0.389223575592041,0.0372254022277227,David
11.349257469177246,-16.395339965820312,-34.7634162902832,-24.935245513916016,0.9714651107788086,-27.104080200195312,-12.564831733703612,-4.544680118560791,0.1147034987807273,0.1169189453125,AdriaM
15.523756980895996,8.600136756896973,10.216041564941406,-27.932275772094727,-18.051366806030273,-10.264571189880373,2.911346435546875,-16.951313018798828,0.2042374461889267,0.1018570829028925,Vanessa
23.337448120117188,26.58517074584961,-0.6780698299407959,-4.6726460456848145,-8.76039981842041,-16.282943725585938,-14.607508659362791,-12.036782264709473,0.3477381467819214,0.0877655281508264,AndresCalzada
37.7287712097168,35.90397644042969,21.520408630371097,3.1042184829711914,-6.067732334136963,-2.659663438796997,-2.8803093433380127,-9.17645263671875,0.4565575718879699,0.0578188688858695,LuisG
48.547760009765625,17.243045806884766,14.996569633483888,4.744482517242432,-1.2597310543060305,-4.352369785308838,-8.400769233703613,-3.4574451446533203,0.4733902513980865,0.082314883961397,Francisco
-0.6684417724609375,-9.101908683776855,-17.631305694580078,-23.251903533935547,-23.17420768737793,-4.751882076263428,-20.302837371826172,-13.64540958404541,0.1959728896617889,0.075908954326923,BetoM
15.524917602539062,23.444366455078125,3.956011056900024,-9.46331787109375,-18.835689544677734,-8.773585319519043,-4.459074020385742,-15.613214492797852,0.1930268108844757,0.0602987320696721,Irma
8.86331558227539,10.819754600524902,-16.72606658935547,-34.991207122802734,-0.2797462940216064,-17.731122970581055,-20.056943893432617,-4.290056228637695,0.2600516080856323,0.1385926942567567,AdriaM
-14.870521545410156,4.279573440551758,-12.386691093444824,-13.814324378967283,-45.33893585205078,-20.553918838500977,-12.311203956604004,-23.09175491333008,0.1935433447360992,0.033029216609589,Ariana
19.42771339416504,30.095903396606445,29.63532829284668,-0.2734480798244476,6.10814094543457,-4.40499210357666,-2.822995901107788,-5.426880359649658,0.2230152338743209,0.0599593495934959,Yosira
24.952268600463867,28.437360763549805,36.22211456298828,-3.4430837631225586,13.867557525634766,-5.976461887359619,-7.453901767730713,4.327228546142578,0.3377743065357208,0.0678326896067415,Sergio
37.667476654052734,30.55472183227539,27.169986724853516,11.970322608947754,-6.046048641204834,-6.56400203704834,0.1414852142333984,-6.127585411071777,0.245209127664566,0.0799490391522988,Marlon
37.15403366088867,21.608184814453125,31.220489501953125,3.411341667175293,14.228045463562012,-0.5752857327461243,-7.549498558044434,0.4716048836708069,0.4306635558605194,0.0664135925751879,Sergio
12.29323959350586,26.269123077392575,23.227500915527344,-5.436254978179932,3.558257579803467,-11.687639236450195,-6.575327396392822,-10.505253791809082,0.1827917844057083,0.0629178983671171,Yosira
-6.3809051513671875,26.08038330078125,-16.223121643066406,-18.09755516052246,-21.554767608642575,-14.323058128356934,-17.92752456665039,-8.797615051269531,0.3624756634235382,0.0433735907832278,Ariana
18.28504943847656,1.8929593563079832,-12.667757034301758,-29.417083740234375,4.729881286621094,-14.88942527770996,-17.924909591674805,1.3169432878494265,0.2340315580368042,0.1078982469512195,AdriaM
17.78655242919922,9.417716026306152,-4.063141822814941,-10.918726921081545,-21.614276885986328,-13.01893424987793,-10.155596733093262,-15.631197929382324,0.1345263868570327,0.1351004464285714,BetoM
10.98436450958252,39.66279983520508,16.743896484375,-11.287033081054688,-23.47303771972656,-4.531057357788086,-0.3328545987606048,-19.3370361328125,0.5051503777503967,0.0658111572265625,LuisG
31.50384521484375,19.81171607971191,22.171039581298828,8.66779899597168,9.19729709625244,-0.9527395963668824,-4.593714714050293,-0.1772224456071853,0.3409923911094665,0.0858771506320224,Sergio
29.96278953552246,21.005163192749023,31.280323028564453,-15.7669677734375,-5.013024806976318,-12.261557579040527,-11.618459701538086,-7.661165237426758,0.4195097982883453,0.0469645182291666,Didier
12.839479446411133,12.20274829864502,-13.076865196228027,-17.091033935546875,-1.9932903051376345,-12.411172866821287,-8.853941917419434,-2.361515522003174,0.4172341525554657,0.1433963260135135,AdriaM
30.04945373535156,26.92142677307129,17.568559646606445,18.19894790649414,1.9472965002059937,-6.935865879058838,3.44528865814209,3.1082818508148193,0.2882878482341766,0.0552810968137254,David
22.29317092895508,19.659366607666016,17.476499557495117,1.9394654035568235,-1.8505765199661257,-6.052961349487305,-4.102455139160156,-6.066742897033691,0.1933885365724563,0.0678539610745614,Yosira
30.83164978027344,18.597414016723633,12.470009803771973,7.138336181640625,-3.907196044921875,-3.3065624237060547,-2.8209328651428223,-10.904376983642578,0.4676982462406158,0.0792266101371951,Mario
29.95087432861328,15.81849479675293,15.846657752990724,9.33553695678711,-10.639386177062988,-16.278820037841797,-14.728009223937988,-17.71357536315918,0.0388954952359199,0.0543731271404109,Mariana
3.2878987789154053,26.102659225463867,1.991783857345581,-3.004283905029297,-23.562217712402344,-6.7988810539245605,-0.4749709665775299,-16.939151763916016,0.2124898135662078,0.0490315755208333,Irma
19.300065994262695,16.873455047607422,10.793572425842283,-31.887956619262695,-12.458789825439451,-15.281035423278809,-26.493749618530273,-4.681046009063721,0.2931362390518188,0.1559725674715909,MauM
27.982019424438477,8.72497272491455,4.623110294342041,8.573954582214355,6.053016185760498,-2.13266658782959,-6.344456195831299,-6.526078701019287,0.4690170884132385,0.0644949776785714,Erik
31.30636978149414,16.685991287231445,23.690929412841797,8.519817352294922,-1.0260316133499146,-3.095233678817749,4.747903823852539,-5.453466892242432,0.2424252033233642,0.12120609789823,Lex
33.093421936035156,22.337421417236328,11.905881881713867,-10.966452598571776,-11.113298416137695,-10.095708847045898,-13.003822326660156,-11.232972145080566,0.1110837832093238,0.0687463148584905,Maria
16.15091323852539,-7.747961521148682,-14.979305267333984,-27.55195426940918,-20.26753807067871,-13.07559299468994,-14.66491985321045,-4.836801052093506,0.1161228790879249,0.1458368716032608,AleM
29.06719970703125,21.740264892578125,7.704683303833008,-4.165567874908447,2.0160582065582275,6.463315963745117,-0.1182347312569618,-3.9691412448883057,0.3723235130310058,0.0374234740497076,Esther
18.19623374938965,6.9785027503967285,-17.414817810058594,-45.11261749267578,-0.5684993267059326,-30.2702579498291,-9.459152221679688,8.725166320800781,0.2882758677005768,0.1250697544642857,MauM
36.54506301879883,17.27916145324707,23.98824691772461,-11.094134330749512,-4.11922550201416,-15.56983757019043,-12.71117115020752,-4.322375774383545,0.3904068768024444,0.0358055601728723,Didier
16.366004943847656,17.082120895385742,-3.6330039501190186,-10.662517547607422,-20.808107376098633,-8.348116874694824,-14.964598655700684,-15.569021224975586,0.1539419591426849,0.0406277380257009,DafneA
27.916296005249023,27.156204223632812,35.10908126831055,-10.54311752319336,-6.3659586906433105,-2.292991399765014,2.3438549041748047,-1.63489031791687,0.4770354926586151,0.07263671875,Sergio
35.154815673828125,20.493274688720703,24.122190475463867,-15.20766830444336,-0.6509156227111816,-9.457989692687988,-9.675156593322754,-9.012675285339355,0.3288938999176025,0.047463809742647,Didier
34.61326217651367,22.70712661743164,5.9620795249938965,-24.533832550048828,-7.158167839050293,-16.178449630737305,-10.342512130737305,-12.155265808105469,0.1642129272222519,0.0900904075386598,Maria
40.01092147827149,22.45890235900879,13.01511001586914,-2.80568265914917,-5.097506999969482,-6.320519924163818,-6.140936851501465,-4.011128902435303,0.3511476218700409,0.0821439302884615,Didier
38.26223373413086,12.478151321411133,8.985862731933594,-21.10369873046875,-5.065622329711914,-18.34612464904785,-7.814239025115967,-8.053940773010254,0.1240456625819206,0.0776237555309734,Camila
12.465213775634766,17.8217830657959,7.679103851318359,-29.823410034179688,-8.840289115905762,-10.09621238708496,-15.18999195098877,-2.8058605194091797,0.2744322717189789,0.1583198879076087,MauM
13.44242000579834,22.35872459411621,16.82034683227539,-0.6212393045425415,0.1065869405865669,-7.763277530670166,-7.023534774780273,-10.627853393554688,0.1844935566186905,0.0778170748873873,Yosira
34.007835388183594,27.163658142089844,17.33873748779297,16.673912048339844,5.7309770584106445,-2.6629490852355957,3.1555826663970947,4.4224371910095215,0.2967992424964905,0.0621197040264423,David
16.801794052124023,1.014150857925415,13.281466484069824,-8.726468086242676,1.5462886095046997,-21.914653778076172,-10.5787353515625,6.782231330871582,0.4200927019119262,0.0850830078125,Cielo
33.197750091552734,22.84781265258789,17.369409561157227,2.631344795227051,-3.2516074180603027,1.4219672679901123,-1.6729339361190796,-8.552303314208984,0.3218034505844116,0.1077330872252747,Mario
12.7115478515625,15.999308586120604,0.158979520201683,-5.09606409072876,-12.679632186889648,-15.730623245239258,-11.613069534301758,-12.912421226501465,0.1998881697654724,0.0643697599085365,Mariana
24.726341247558594,9.371685981750488,15.508808135986328,11.41376781463623,-20.447174072265625,-0.3668175935745239,-6.686702251434326,-2.59969162940979,0.4391314089298248,0.0801444933252427,Ignacio
14.055133819580078,30.69544982910156,-0.031373668462038,2.2316904067993164,-8.160002708435059,-7.037395477294922,-11.774407386779783,-15.87386989593506,0.383471816778183,0.0547557543682795,AndresCalzada
32.22807693481445,38.64680480957031,13.217451095581056,-11.311595916748049,-12.52748680114746,-0.728565514087677,-8.700584411621094,-17.50910758972168,0.391840398311615,0.0382752710459183,LuisG
33.4444694519043,25.617055892944336,24.5489501953125,3.5588538646698,0.7562103867530823,-5.8368377685546875,-2.084397315979004,1.888412594795227,0.4044084846973419,0.0798583984375,Sergio
16.055288314819336,-0.3496645987033844,9.66354751586914,0.3648149073123932,-21.159671783447266,-14.67039680480957,-1.256879210472107,-3.598515510559082,0.1471721231937408,0.0833258672591743,Vanessa
0.3479117155075073,16.86568832397461,-9.05705738067627,-16.545318603515625,-19.738561630249023,2.8409621715545654,-3.9312374591827393,-15.260281562805176,0.14978688955307,0.0597237723214285,Irma
21.72477912902832,6.9388861656188965,-4.892671585083008,-11.71287727355957,-17.134429931640625,-10.388004302978516,-7.011872291564941,-13.426169395446776,0.1835420876741409,0.1599256727430555,BetoM
12.684825897216797,21.240631103515625,6.584957122802734,-6.290304660797119,-18.24974822998047,-9.213985443115234,-2.813081741333008,-12.9972505569458,0.188372328877449,0.0792884826660156,Irma
50.981239318847656,25.292076110839844,15.39356803894043,4.434279918670654,-2.444037914276123,-2.86201548576355,-2.5258028507232666,-6.07560396194458,0.2855543196201324,0.080477627840909,Marlon
21.15680503845215,-7.7002458572387695,-3.267552137374878,-25.455745697021484,-23.569551467895508,-14.758160591125488,7.014509201049805,-19.990880966186523,0.0974933728575706,0.1076636453276699,Vanessa
34.04235076904297,23.578392028808594,4.57231330871582,3.5243661403656006,-5.001075744628906,-9.701138496398926,-8.778138160705566,-13.25887966156006,0.3858826756477356,0.0738407258064516,AndresCalzada
44.17073440551758,23.637311935424805,16.63118553161621,5.687222957611084,1.1202269792556765,-1.5108579397201538,-4.084195613861084,-2.4571640491485596,0.3887187242507934,0.1077368951612903,Francisco
21.382892608642575,-12.003328323364258,-27.307167053222656,-22.537372589111328,4.469320297241211,-23.986373901367188,-6.6575751304626465,1.75217604637146,0.1119518429040908,0.1154368330792682,AdriaM
23.661001205444336,37.8394660949707,-4.025000095367432,0.577374279499054,-6.25086784362793,-13.37032985687256,-11.569292068481444,-14.154789924621582,0.3628903329372406,0.0428664434523809,AndresCalzada
-18.86233901977539,13.925634384155272,-26.68910026550293,-24.968769073486328,-22.793025970458984,-24.238658905029297,-23.030824661254883,-0.7111856937408447,0.2909526228904724,0.0442728935917721,Ariana
33.102210998535156,24.89086151123047,15.570331573486328,5.731560230255127,-6.434015274047852,-3.3986666202545166,-5.230104923248291,-9.738849639892578,0.3200875520706177,0.060517578125,Ignacio
29.621173858642575,43.72396469116211,32.6590461730957,0.450297862291336,-14.542963027954102,-6.6424970626831055,3.368657350540161,-18.381589889526367,0.4188295304775238,0.0238886294157608,LuisG
4.982203483581543,4.101456165313721,2.965340375900269,-14.941372871398926,5.505038738250732,-24.338417053222656,-18.387195587158203,-2.4752936363220215,0.2606485188007355,0.1009703291223404,Cielo
16.104869842529297,36.40402603149414,9.038005828857422,-2.727952480316162,2.818284273147583,4.208986282348633,-15.161094665527344,-15.101237297058104,0.3041645586490631,0.0253398944805194,Mario
5.429243564605713,1.4271055459976196,-2.433703899383545,-6.346269130706787,0.4781428277492523,-14.13012981414795,-13.45240592956543,-5.579719543457031,0.2632295489311218,0.1179822556515957,Cielo
39.44761276245117,16.01331901550293,11.38156795501709,-3.682765007019043,-7.4404802322387695,-12.669958114624023,-10.712814331054688,-5.684129238128662,0.3924871683120727,0.0560536486037234,Didier
40.583839416503906,12.606471061706545,9.02892780303955,-21.931272506713867,-3.792886972427368,-15.842158317565918,-4.08040189743042,-7.436580181121826,0.2203559577465057,0.0587550571986607,Camila
8.79284381866455,41.77753829956055,33.3880500793457,1.7219218015670776,-14.24581527709961,-14.460686683654783,9.152057647705078,-14.886268615722656,0.5250590443611145,0.0556894938151041,LuisG
11.22341251373291,33.27260208129883,-4.448179721832275,-2.577345132827759,-15.633898735046388,-12.743120193481444,-10.4502534866333,-22.75215721130371,0.3613917827606201,0.0555885550902061,AndresCalzada
47.46402740478515,14.571080207824709,1.4866772890090942,-18.7172908782959,-3.0689663887023926,-13.613295555114746,-10.694014549255373,-9.60421371459961,0.1538243442773819,0.0522543697033898,Maria
32.31303787231445,-51.83596420288086,-28.43944549560547,-31.874441146850582,-20.600297927856445,-13.002583503723145,-17.63833236694336,-10.91955852508545,0.0777588188648223,0.0992533365885416,AleM
22.36810302734375,17.500179290771484,3.107983112335205,-3.0327718257904053,-13.955031394958496,-15.349652290344238,-12.35194206237793,-13.127110481262209,0.1316366642713546,0.055947265625,DafneA
18.165971755981445,5.311044692993164,-5.314170837402344,-6.711089134216309,-20.10608673095703,-14.941904067993164,-19.13791847229004,-16.96738052368164,0.2218196094036102,0.0390431621287128,DafneA
18.92835807800293,-8.666584968566895,-14.752171516418455,-23.10904884338379,-16.053739547729492,-15.33497714996338,-9.085447311401367,-7.67756462097168,0.1731156706809997,0.1967881944444444,AleM
22.237457275390625,13.851027488708496,-3.919035673141479,-22.743202209472656,-11.804390907287598,2.450531482696533,-5.979320049285889,-9.226572036743164,0.1665878742933273,0.0505323223039215,Esther
19.225292205810547,4.186262607574463,-17.227720260620117,-36.50091171264648,-2.528719425201416,-19.847003936767575,-8.129997253417969,3.8558290004730225,0.2197441458702087,0.1605489979619565,MauM
32.78281021118164,14.570680618286133,18.481489181518555,9.757694244384766,-1.821600317955017,-4.869943618774414,7.352107524871826,-5.07570743560791,0.1907306313514709,0.1195339626736111,Lex
26.69915199279785,32.44414520263672,27.83680534362793,-2.81018590927124,-6.412337779998779,-5.9428839683532715,2.7252254486083984,-17.625967025756836,0.4321161806583404,0.0825544084821428,LuisG
32.161109924316406,14.822793960571287,14.054306030273438,-3.8738532066345215,-5.486112594604492,-9.20105266571045,-9.829045295715332,-6.620939254760742,0.3031382262706756,0.1053433804898648,Camila
21.52371406555176,13.854412078857422,6.776052474975586,0.9350174069404602,2.5581178665161133,-0.4457401037216186,-5.904561996459961,-5.788661956787109,0.4363552331924438,0.0972500328256302,Erik
33.4627571105957,19.48318099975586,16.898418426513672,-25.56825065612793,-6.076089382171631,-17.535127639770508,-8.15920639038086,-12.228808403015137,0.4727373123168945,0.0474446614583333,Didier
20.318025588989254,2.6018145084381104,14.752392768859863,-20.43494415283203,-27.835939407348633,-6.453989028930664,3.159022569656372,-23.34255599975586,0.2436398714780807,0.084375,Vanessa
17.826614379882812,12.91820240020752,14.986373901367188,-0.7956448197364807,9.304183959960938,-17.96809959411621,-8.104369163513184,9.499595642089844,0.1916064471006393,0.0640360514322916,Cielo
45.36905670166016,25.61539077758789,21.618267059326172,9.378792762756348,2.0586204528808594,-0.8619401454925537,-6.652204513549805,-7.175534725189209,0.4043431580066681,0.0970928485576923,Francisco
29.24371337890625,24.250593185424805,20.315671920776367,-20.83465003967285,-5.362584114074707,-2.864872694015503,0.4777973592281341,-12.353254318237305,0.3625607192516327,0.0831298828125,Sergio
31.62904357910156,26.295616149902344,4.078817844390869,0.1365706622600555,-5.491997241973877,-14.324464797973633,-13.124320030212402,-11.608038902282717,0.2896642982959747,0.0602927011986301,AndresCalzada
12.030330657958984,36.3077392578125,1.4178228378295898,2.436514139175415,-10.101091384887695,-16.37614631652832,-11.706547737121582,-13.32283878326416,0.2651776671409607,0.0425206014554794,AndresCalzada
13.012079238891602,21.04615020751953,3.897237062454224,-5.948625087738037,-17.501548767089844,-8.276168823242188,-1.1563096046447754,-11.849575996398926,0.2126942873001098,0.0684259588068181,Irma
32.582115173339844,26.07481575012207,24.803611755371097,11.117935180664062,-4.090610504150391,-3.664429664611816,0.9555667638778688,-8.35268783569336,0.277385264635086,0.0764897184551886,Marlon
-7.187269687652588,11.689518928527832,-28.057252883911133,-23.31571388244629,-19.284513473510746,-13.579425811767578,-13.868762016296388,-0.3330872058868408,0.1481292098760604,0.0549069175237341,Ariana
30.35003089904785,20.218738555908203,13.87888526916504,16.372371673583984,-7.154747486114502,-3.1676270961761475,0.2963535487651825,-6.4206085205078125,0.3238155245780945,0.1002544438073394,Ignacio
10.184020042419434,-1.555694818496704,5.04829740524292,-5.143619060516357,-9.103029251098633,-16.32457160949707,-4.857034206390381,-2.1044485569000244,0.4251626133918762,0.1467008770636792,Cielo
13.1853666305542,-12.481712341308594,-30.929590225219727,-29.573266983032227,-3.9349687099456783,-25.948774337768555,-10.794745445251465,-1.6132348775863647,0.1614991724491119,0.106357672275641,AdriaM
43.68802261352539,26.983715057373047,19.00797462463379,7.136849880218506,-0.721682071685791,1.1561603546142578,-0.0529954507946968,-8.29076862335205,0.4582018852233886,0.0674883868243243,Mario
25.626232147216797,22.46859359741211,16.306358337402344,19.454654693603516,1.2345608472824097,-9.370497703552246,-0.6269932985305786,-1.8448410034179688,0.3073417842388153,0.0754575376157407,David
18.183177947998047,12.652059555053713,12.068095207214355,1.9216387271881104,1.229112148284912,-12.27637004852295,-7.019625663757324,-5.991992950439453,0.2404352873563766,0.0780907346491228,Yosira
21.05512046813965,13.933648109436035,10.263490676879885,1.1944944858551023,4.115156173706055,-17.482383728027344,-1.7153260707855225,0.2795486152172088,0.1619991660118103,0.1617680102323009,Cielo
28.640268325805664,12.449979782104492,-1.7528873682022097,-4.36537504196167,-2.795487880706787,-9.364593505859377,-14.933542251586914,-14.400632858276367,0.2382757365703582,0.0625635162601626,Mariana
3.578500270843506,40.771026611328125,-4.830482482910156,-5.140782356262207,-13.709046363830566,-18.44005966186523,-13.622468948364258,-11.5155668258667,0.3356264531612396,0.0559263623450413,AndresCalzada
19.492094039916992,8.890861511230469,-4.986876487731934,-10.051509857177734,-15.052719116210938,-11.506403923034668,-10.042738914489746,-14.076598167419434,0.2017631530761718,0.1755087209302325,BetoM
34.205135345458984,17.801401138305664,19.491294860839844,10.590633392333984,10.717666625976562,-1.4632503986358645,-4.182222843170166,0.2784758806228637,0.4398524165153503,0.1236746651785714,Sergio
28.317928314208984,33.87299346923828,14.14556884765625,-12.456868171691896,-12.774614334106444,-2.342736005783081,-7.907079696655273,-15.50405216217041,0.5512632131576538,0.0911890146683673,LuisG
9.527586936950684,3.2967305183410645,10.675076484680176,-10.979512214660645,-7.891140460968018,-22.25440216064453,-4.469814777374268,2.5494096279144287,0.4251576066017151,0.142333984375,Cielo
14.578335762023926,16.419132232666016,16.357906341552734,2.6146154403686523,14.585453987121582,-12.665074348449709,-5.357926368713379,1.3518282175064087,0.1903736293315887,0.1423361449115044,Cielo
20.077465057373047,-6.013060092926025,-11.22762393951416,-27.210451126098633,-20.61295509338379,-15.144516944885254,-8.560033798217773,-7.185278415679932,0.1512973010540008,0.1807306463068181,AleM
14.430481910705566,18.318275451660156,-0.5100012421607971,-29.990875244140625,-9.886397361755373,-4.048419952392578,-5.561593055725098,-7.415481090545654,0.1999984383583068,0.0584351629273504,Esther
27.88957977294922,34.117919921875,26.186052322387695,-5.667186260223389,-8.699674606323242,-10.698253631591797,-0.252151608467102,-19.534923553466797,0.4860588014125824,0.0587935014204545,LuisG
24.704910278320312,7.127446174621582,-14.954039573669434,-41.659812927246094,-2.8260488510131836,-21.82024383544922,-11.822885513305664,6.2912726402282715,0.302154541015625,0.1666401707848837,MauM
16.075090408325195,17.15483856201172,-2.8427376747131348,-7.730885505676269,-19.830591201782227,-15.191457748413086,-14.124573707580566,-16.91933250427246,0.1350124329328537,0.0326120476973684,DafneA
35.52919006347656,13.269245147705078,8.534021377563477,6.680219650268555,3.1095409393310547,-0.2701946496963501,-2.0171122550964355,-5.110252857208252,0.4461055696010589,0.0793634588068181,Erik
39.56130599975586,13.61350154876709,18.42416000366211,7.75147533416748,-0.7394132614135742,-2.0965170860290527,4.549113750457764,-6.006595611572266,0.2508516907691955,0.1022828357054455,Lex
35.56039810180664,22.841259002685547,-3.2258048057556152,-27.305604934692383,-8.107847213745117,-11.872325897216797,-5.4881815910339355,-8.96321964263916,0.0929043740034103,0.0491768973214285,Maria
6.662574291229248,20.14922523498535,1.127105474472046,7.934499740600586,-4.295058727264404,-2.673264980316162,-3.5547709465026855,-8.48394775390625,0.4781605899333954,0.0320450774336283,Erik
35.58089065551758,22.279924392700195,13.947196006774902,-5.91699743270874,-6.3832783699035645,-9.5837984085083,-6.504680156707764,-5.23100471496582,0.3709706962108612,0.071892685777559,Didier
42.538543701171875,14.82823085784912,4.036381721496582,-15.83937931060791,-4.1849141120910645,-9.838292121887209,-6.366503715515137,-10.70174503326416,0.1527575403451919,0.0574372944078947,Camila
28.735870361328125,13.0249662399292,10.01499080657959,-14.57828426361084,-11.933883666992188,-15.591651916503906,-15.024725914001465,-4.320987224578857,0.2705695033073425,0.1874318677325581,MauM
33.76295852661133,37.739200592041016,26.58158493041992,-2.156909942626953,-7.393491268157959,-5.3374528884887695,1.995644450187683,-19.41469955444336,0.4745367765426636,0.0382005341198979,LuisG
29.367788314819336,22.838926315307617,5.446582794189453,-3.8270442485809326,-6.058253288269043,-0.6286836862564087,-2.90670394897461,-6.152584075927734,0.2733128368854522,0.0525648889462809,Esther
26.399913787841797,23.128820419311523,37.66196060180664,2.870614767074585,5.6057281494140625,-8.040390014648438,6.647257328033447,-9.480485916137695,0.2919747829437256,0.0992766523783185,Lex
17.797216415405273,32.987186431884766,18.314577102661133,-4.648981094360352,2.697056531906128,-6.558653354644775,-2.87518310546875,-4.721323013305664,0.4156652092933655,0.0646397040142276,Yosira
13.835282325744627,32.863162994384766,15.91214370727539,11.62384033203125,-7.506663799285889,-3.9723174571990967,-1.4601374864578247,-9.547131538391112,0.4034782946109772,0.063124258306962,David
29.564130783081055,35.68966293334961,6.0403947830200195,-5.231329917907715,3.975743293762207,4.565529823303223,-12.590826988220217,-13.17136287689209,0.1932792067527771,0.0214431117957746,Mario
-17.14898681640625,9.174010276794434,-13.48576545715332,-1.3479373455047607,-14.429917335510254,-26.70186233520508,-23.42828369140625,-12.941168785095217,0.4730072021484375,0.0690772213152985,Mariana
-10.909225463867188,16.248287200927734,-24.86517906188965,-24.417236328125,-22.68288803100586,-25.574077606201172,-26.126192092895508,-4.541721343994141,0.3708638250827789,0.0430377462635869,Ariana
24.85794448852539,24.11228370666504,16.64837646484375,22.107641220092773,-14.584492683410645,-1.316448211669922,0.5937562584877014,-6.747271537780762,0.3076468408107757,0.0697435851490825,Ignacio
52.2476806640625,17.544227600097656,30.654529571533203,-0.5413405299186707,-6.252726078033447,-2.902578353881836,-9.35808563232422,-4.205009937286377,0.4534140527248382,0.0403083352481617,Francisco
55.41360855102539,23.231311798095703,13.75612449645996,2.2864387035369873,-7.350594997406006,-4.49286413192749,2.044519424438477,-4.777559757232666,0.2285038828849792,0.0663345756880734,Marlon
20.26227569580078,25.06719207763672,3.447591781616211,1.1745485067367554,-12.12503433227539,-14.23627758026123,-12.332830429077148,-13.076845169067385,0.1125070452690124,0.031383634868421,DafneA
3.664034366607666,-6.675393581390381,-24.0606632232666,-27.262401580810547,-20.65300941467285,-1.51280415058136,-13.676155090332031,-17.126811981201172,0.5205339193344116,0.08443603515625,BetoM
32.374969482421875,30.79146194458008,16.867366790771484,-0.9741533398628236,-6.304006576538086,-5.203995227813721,-5.890937805175781,-11.628365516662598,0.4975155591964721,0.1058793501420454,LuisG
21.193767547607425,30.09567642211914,18.735408782958984,-0.3499057292938232,-8.671537399291992,4.960030555725098,-0.6641108393669128,-16.613462448120117,0.2830244302749634,0.0360362293956043,Mario
38.7823600769043,16.959074020385742,14.877121925354004,7.613002300262451,3.543903112411499,-0.5789139270782471,-5.710864543914795,-4.020732402801514,0.3673214614391327,0.1297844274720149,Francisco
34.360355377197266,30.081480026245117,29.199052810668945,-9.985784530639648,-2.3477320671081543,-16.712366104125977,-4.5259175300598145,-5.472543716430664,0.2526998221874237,0.069613587622549,Sergio
28.000473022460938,24.313255310058594,1.1104120016098022,-4.284470558166504,-11.882442474365234,-14.384725570678713,-12.724309921264648,-17.919620513916016,0.3653154969215393,0.0713847052190721,AndresCalzada
18.40359687805176,7.517624855041504,3.392529249191284,-13.378765106201172,-21.884695053100582,-15.54792022705078,2.199951410293579,-3.0438671112060547,0.0823363661766052,0.0664610570790816,Vanessa
21.76648712158203,25.26189613342285,-13.35824966430664,-3.964996814727783,-14.895255088806152,-17.069210052490234,-13.196578979492188,-14.002957344055176,0.3147167265415191,0.0448474702380952,AndresCalzada
36.77888488769531,40.62640380859375,16.00091552734375,-0.8247302174568176,2.834160566329956,9.190762519836426,-3.478236436843872,-14.716922760009766,0.3140327036380768,0.0186991087147887,Mario
47.93635177612305,27.173507690429688,23.617835998535156,-9.790213584899902,1.4958399534225464,-3.644609689712525,-8.037684440612793,-3.990896463394165,0.2903887033462524,0.0509440104166666,Francisco
2.408663511276245,19.040592193603516,-7.046109199523926,-20.553865432739254,-25.70030975341797,-1.9059284925460815,-9.902944564819336,-20.512903213500977,0.1536075472831726,0.0464925130208333,Irma
24.24663734436035,27.99132919311523,4.8926568031311035,-2.811516284942627,-15.82337474822998,-9.885993957519531,-10.140690803527832,-16.470611572265625,0.1490065455436706,0.0360369816004672,DafneA
42.87457656860352,29.185401916503903,15.671955108642578,-3.995830774307251,-16.070573806762695,0.0679032653570175,-2.9922385215759277,-12.667448043823242,0.4734731614589691,0.0441509046052631,Marlon
39.8946533203125,27.99246406555176,36.51204299926758,-0.5071273446083069,-0.101008266210556,3.520782232284546,-8.787007331848145,-9.499751091003418,0.393072098493576,0.0606407752403846,Francisco
25.672998428344727,9.577259063720703,16.12054443359375,13.790696144104004,-18.039939880371097,-1.1425820589065552,-8.530072212219238,-4.563173294067383,0.4737186133861542,0.0736951713102409,Ignacio
16.199182510375977,26.429195404052734,14.612998008728027,17.523317337036133,-10.532299041748049,2.1721932888031006,-2.124593734741211,-8.918810844421387,0.4187755882740021,0.06064453125,Ignacio
0.3509199321269989,24.6607666015625,-14.087432861328123,-18.32943344116211,-8.553817749023438,-16.291095733642578,-23.43625259399414,-12.091096878051758,0.1726446598768234,0.0770176478794642,Ariana
22.484405517578125,10.468849182128906,-2.477946519851685,-4.689458847045898,-9.47126293182373,-14.23300552368164,-15.14900016784668,-14.238089561462402,0.3797410130500793,0.0486983287183544,Mariana
12.502108573913574,-0.2003290057182312,5.175138473510742,-13.301207542419434,-5.309292316436768,-24.4213809967041,1.434635043144226,-3.7202308177948,0.2004554867744445,0.0904762961647727,Cielo
40.76974868774414,17.792795181274414,31.57088851928711,1.7722830772399902,3.843045711517334,-7.763547897338867,8.002946853637695,-7.784395217895508,0.2416740208864212,0.0836798035272277,Lex
12.967512130737305,12.708345413208008,-11.504179954528809,-22.524845123291016,-7.83964729309082,-14.727360725402832,-15.909049034118652,-6.277198791503906,0.2706547677516937,0.1463524070945946,AdriaM
28.430749893188477,21.19924545288086,23.581058502197266,-8.954705238342285,-2.024924993515014,-14.585165023803713,-10.927207946777344,-2.53022837638855,0.2445808351039886,0.0832387563344594,Camila
38.64896774291992,17.202268600463867,21.810625076293945,-15.926350593566896,-2.592315912246704,-11.670114517211914,-9.52867603302002,0.9661349058151244,0.1301446259021759,0.0525251116071428,Camila
26.62611198425293,21.668907165527344,8.433697700500488,-13.292319297790527,-7.268984317779541,-8.327946662902832,-10.253928184509276,-9.234686851501465,0.1168792247772216,0.0909715500553097,Maria
32.493404388427734,14.548521041870115,19.110855102539062,6.960756778717041,-2.146418333053589,-6.435874938964844,4.345078468322754,-2.071411609649658,0.2096932977437973,0.1310965401785714,Lex
41.8900032043457,13.186759948730469,11.93761920928955,-6.5764007568359375,-7.358254432678223,-9.973875045776367,-10.965354919433594,-9.464488983154297,0.2357720285654068,0.0773577008928571,Camila
35.04916763305664,16.236404418945312,10.389211654663086,-22.95293617248535,-1.7527542114257812,-17.508630752563477,-8.156229972839355,-14.602190971374512,0.4301729500293731,0.0543033375459558,Didier
26.34878158569336,20.230859756469727,17.022172927856445,12.705342292785645,-15.267473220825195,-22.316003799438477,-16.8817138671875,-16.78969383239746,0.0270425956696271,0.0338051155821917,Mariana
11.228428840637209,27.20351219177246,8.250999450683594,2.025472640991211,3.14628529548645,2.172111988067627,-5.947981357574463,-9.53762149810791,0.4214610755443573,0.0360507484243697,Erik
26.07674789428711,26.44712829589844,7.513087272644043,-11.387605667114258,-12.27431297302246,1.1033629179000854,-5.986175537109375,-9.400388717651367,0.3563753068447113,0.0319126674107142,Esther
19.76309585571289,1.3609321117401123,22.69357681274414,-4.2184576988220215,-24.4157772064209,-18.839370727539062,10.264548301696776,-16.001325607299805,0.087656021118164,0.0758740234375,Vanessa
31.89413833618164,20.092716217041016,1.111954927444458,-6.199196815490723,-6.802842140197754,-1.6327016353607178,-5.844733238220215,-9.509663581848145,0.3576882779598236,0.0560695103236607,Esther
15.277170181274414,8.690510749816895,25.182275772094727,-17.026735305786133,-16.824926376342773,-20.117286682128903,3.9512476921081543,-13.401485443115234,0.146775484085083,0.0868091425619834,Vanessa
17.620452880859375,-26.655441284179688,-40.34091567993164,-32.66718673706055,-14.57992458343506,-16.956073760986328,-15.580962181091309,-12.752731323242188,0.0697617828845977,0.0982694404069767,AleM
24.975801467895508,12.243203163146973,7.904592514038086,-16.111562728881836,-11.847600936889648,-16.142990112304688,-17.67884063720703,-4.081248760223389,0.329195886850357,0.1936257102272727,MauM
28.84771728515625,36.399776458740234,17.781715393066406,1.9846394062042236,2.8217315673828125,8.9414701461792,-4.113014221191406,-17.51479721069336,0.3019661605358124,0.0220297280844155,Mario
16.590728759765625,23.48893165588379,9.05325412750244,-14.579995155334473,-15.30864429473877,0.6357219815254211,-1.9033472537994385,-4.955051422119141,0.1939885914325714,0.0466404335171568,Esther
30.98453140258789,15.319104194641112,7.422507286071777,-1.1188139915466309,-11.072519302368164,-10.40760612487793,-9.40511989593506,-14.836223602294922,0.1402102559804916,0.0770139110331632,DafneA
5.0124192237854,27.129243850708008,7.603160858154297,7.300163269042969,-3.7088699340820312,-4.694643020629883,1.9021847248077393,-5.983463764190674,0.5294365882873535,0.0353431701660156,Erik
29.41510581970215,19.835227966308594,-4.710277557373047,-4.168328285217285,-4.996362209320068,-16.63160514831543,-19.86739158630371,-14.855376243591309,0.2311780005693435,0.0210159425813008,Mariana
-1.388918161392212,20.39774703979492,0.8925857543945312,1.017518162727356,-7.061733245849609,-5.2812700271606445,-4.086764812469482,-12.421411514282228,0.4967617690563202,0.042999267578125,Erik
34.69326400756836,27.050249099731445,25.58726501464844,-0.1068787351250648,-6.762703895568848,-5.278937339782715,5.323722839355469,-11.19851303100586,0.4045214653015136,0.1283747580199115,Lex
36.97077560424805,16.297983169555664,19.3149471282959,-16.333620071411133,-1.2904850244522097,-13.541742324829102,-13.22711944580078,-6.062600135803223,0.2338345199823379,0.0651465664390756,Camila
-0.7635014057159424,16.028823852539062,-9.466730117797852,-19.146615982055664,-25.9506778717041,-0.1343109011650085,-10.511222839355469,-22.45336151123047,0.1803086847066879,0.0464187371926229,Irma
17.59453773498535,8.660669326782227,-4.799890518188477,-9.453557968139648,-16.03620719909668,-11.418170928955078,-9.748826026916504,-15.211698532104492,0.1595899611711502,0.1569260817307692,BetoM
28.179222106933594,24.662757873535156,38.30295181274414,4.238059043884277,3.117297410964966,-12.476194381713867,10.683517456054688,-9.671902656555176,0.3092967271804809,0.1084935011061946,Lex
24.64955139160156,40.625736236572266,27.81041145324707,2.861109495162964,-19.420366287231445,-0.8438667058944702,3.973745107650757,-14.898088455200195,0.4271472692489624,0.0362787356321839,Marlon
14.542923927307127,7.72652530670166,12.753268241882324,-9.968502044677734,-13.282769203186035,-13.893177032470703,-3.9440183639526367,-9.524313926696776,0.1495173871517181,0.1019942858987603,Vanessa
27.4261531829834,40.31098556518555,14.40066909790039,-15.0770845413208,-21.550626754760746,-2.7070510387420654,-8.749092102050781,-17.978792190551758,0.4882362186908722,0.030692722486413,LuisG
56.181640625,15.752655029296877,22.501323699951172,-11.270394325256348,-6.15742826461792,-7.421821594238281,-8.521417617797852,-2.5670480728149414,0.2542131543159485,0.0464728860294117,Francisco
29.64999008178711,32.16179656982422,19.90748405456543,10.141688346862791,-14.326482772827148,-1.0109902620315552,-7.1417951583862305,-13.896121978759766,0.3012218177318573,0.027421875,Ignacio
3.093449831008911,26.485851287841797,-15.954386711120604,-10.898080825805664,-21.8320369720459,-19.489093780517575,-12.44157600402832,-9.674094200134276,0.2543428540229797,0.0645217264979338,AndresCalzada
45.209739685058594,31.368192672729492,32.10218811035156,1.4987624883651731,0.8777660131454468,4.320209503173828,-5.9390974044799805,0.1395020931959152,0.3225601017475128,0.0427488806652046,Francisco
22.354869842529297,29.63361358642578,13.405611991882324,-5.653901100158691,-12.626233100891112,0.9951470494270324,-1.0074211359024048,-9.131848335266112,0.2719065546989441,0.0256045002582644,Esther
25.32985496520996,16.389007568359375,0.0125812115147709,0.2148241102695465,-12.151204109191896,-12.126418113708496,-15.808066368103027,-18.941387176513672,0.1869586855173111,0.0382889851485148,DafneA
14.473299980163574,9.657953262329102,-13.675143241882324,-22.96187400817871,-4.19645881652832,-14.222688674926758,-17.416324615478516,-9.242364883422852,0.3132164776325226,0.14803466796875,AdriaM
19.361719131469727,16.07378578186035,13.40935230255127,5.792457103729248,-17.07308006286621,2.2165608406066895,-11.604546546936035,-8.243639945983887,0.3054141104221344,0.0716373697916666,Ignacio
7.29595947265625,4.644920825958252,-6.387659072875977,-15.259394645690918,-27.22374725341797,-18.37651252746582,-14.20044994354248,-16.175939559936523,0.1914122998714447,0.0476910316780821,Ariana
36.49748611450195,40.08060073852539,19.248735427856445,3.040989875793457,-6.844990253448486,5.380402088165283,2.188682556152344,-15.109707832336426,0.446566104888916,0.0283335092905405,Mario
14.381075859069824,11.545821189880373,8.787578582763672,-2.8349411487579346,1.583802580833435,-24.133460998535156,6.2986907958984375,2.656142234802246,0.1337334513664245,0.0678812662760416,Cielo
28.88170051574707,15.566335678100586,15.839130401611328,5.173603534698486,0.9352818131446838,-7.36629056930542,-6.861091613769531,-8.254733085632324,0.2789145410060882,0.0604341947115384,Yosira
33.29986572265625,26.61332893371582,17.079042434692383,18.63636779785156,5.96757698059082,-7.999320030212402,-1.4351444244384766,0.220373660326004,0.280188500881195,0.0575301670792079,David
14.925240516662598,24.03379821777344,6.602604389190674,-6.5719804763793945,-8.53166389465332,1.6232340335845947,-13.923310279846191,-18.204376220703125,0.1710762232542038,0.0550805068597561,Mario
13.760502815246582,-3.0901293754577637,15.677614212036133,-1.249649167060852,-31.14972686767578,-16.042545318603516,4.717565059661865,-3.4549410343170166,0.1445840746164322,0.0670737170298165,Vanessa
15.371455192565918,26.10370445251465,16.344560623168945,18.115114212036133,-11.434749603271484,-7.078534126281738,3.5796117782592773,-5.849063873291016,0.4866628348827362,0.0525381050857843,David
17.275550842285156,27.619768142700195,13.625869750976562,-6.703197956085205,-4.978348255157471,-9.73967742919922,-4.487816333770752,-7.041097164154053,0.3710692822933197,0.0612750137061403,Yosira
20.69337272644043,27.868879318237305,13.23719596862793,-0.0530716739594936,-8.116189002990723,2.3153882026672363,-4.620229244232178,-20.04751205444336,0.4679175913333893,0.0478991996951219,Mario
24.97702980041504,17.255064010620117,14.805926322937012,-0.9891881942749025,-28.542865753173828,-23.48023223876953,-19.689146041870117,-21.35776710510254,0.1505438685417175,0.0391160102739726,Mariana
10.49218463897705,-13.4950590133667,-31.86419105529785,-13.843647956848145,1.2277580499649048,-18.227012634277344,-1.772844314575195,-3.0210635662078857,0.1392803341150283,0.1185731630067567,AdriaM
31.623437881469727,21.76890563964844,5.932100772857666,0.4590736031532287,-11.315872192382812,-11.431010246276855,-12.184237480163574,-16.664308547973633,0.1357391476631164,0.0368552694515306,DafneA
43.73698806762695,34.29502487182617,28.55212020874023,-1.8445279598236084,0.970329999923706,0.0831854045391082,-4.119757652282715,-1.8810133934020996,0.3098493814468384,0.0569209929435483,Francisco
18.532793045043945,13.608709335327148,-8.531216621398926,-0.9809361696243286,-9.202069282531738,-23.51370620727539,-19.52680778503418,-10.215843200683594,0.2010436803102493,0.0332402096518987,Mariana
26.110925674438477,27.64368438720703,24.782590866088867,-6.942218780517578,9.20443630218506,-14.932554244995115,-1.2926124334335327,-1.222480297088623,0.3768141567707062,0.0711189870084269,Sergio
9.113713264465332,29.615758895874023,7.199336528778076,12.78230094909668,0.5529856085777283,-0.3692167699337005,2.2819392681121826,-4.268472194671631,0.4536576867103576,0.0277628940818584,Erik
26.23505210876465,18.66932678222656,13.588528633117676,24.9348201751709,-7.960921287536621,-1.6068904399871826,-1.2662907838821411,-7.195289611816406,0.4075674414634704,0.0647002070783132,Ignacio
25.06201934814453,30.975061416625977,21.190093994140625,2.773625612258911,-10.750401496887209,-7.537106990814209,0.3081990778446197,-8.056804656982422,0.5359993577003479,0.0880839029947916,LuisG
28.225574493408203,22.25670051574707,33.16025161743164,4.048962116241455,2.2186524868011475,-9.816473960876465,11.513282775878906,-8.462203025817871,0.2216245532035827,0.0892424406828703,Lex
-11.451566696166992,-12.8126802444458,-11.737420082092283,-26.828025817871097,-29.15244483947754,-1.615020513534546,-24.088699340820312,-13.640283584594728,0.274549126625061,0.0707310267857142,BetoM
42.670379638671875,21.918453216552734,13.625784873962402,-10.324663162231444,-3.2382376194000244,-6.5074663162231445,-6.196109294891357,-5.733340263366699,0.2385870516300201,0.0494920161732456,Camila
29.191736221313477,18.048906326293945,7.321153163909912,-2.518465042114258,-12.408581733703612,-11.162270545959473,-8.789241790771484,-13.33859920501709,0.150059163570404,0.059999269859813,DafneA
28.436702728271484,23.793306350708008,9.944777488708496,2.787689685821533,-0.0443290136754512,4.364560604095459,3.022766351699829,-1.2200863361358645,0.4189114570617676,0.0585623400950292,Esther
6.269702434539795,-34.705081939697266,-25.0178165435791,-45.35700225830078,-10.888822555541992,-18.958600997924805,-16.23926544189453,2.062202215194702,0.1920783966779709,0.0951086956521739,AleM
21.360549926757812,17.939828872680664,8.194435119628906,15.773460388183594,-4.873615264892578,-2.420771837234497,6.559634208679199,-8.151375770568848,0.437356561422348,0.0273570667613636,Erik
-12.002523422241213,18.817907333374023,-10.592766761779783,1.318398118019104,-3.6078765392303462,-20.887895584106445,-24.915786743164062,-17.115341186523438,0.3702091872692108,0.0597415753264925,Mariana
16.722450256347656,11.650089263916016,7.051321983337402,-15.313776969909668,-12.46648120880127,-14.904863357543944,-16.093358993530273,-2.420029878616333,0.287413626909256,0.170712425595238,MauM
31.968000411987305,29.010059356689453,26.607078552246097,-2.286532402038574,-4.148154258728027,-3.52541446685791,1.4754465818405151,-5.968679904937744,0.4115480482578277,0.110982439159292,Lex
31.15972137451172,17.574338912963867,2.622196912765503,-30.342004776000977,-12.606861114501951,-10.619572639465332,-11.607471466064451,-7.074310302734375,0.1277876645326614,0.0660884065448113,Maria
27.02408218383789,30.13888359069824,17.80098533630371,1.1237750053405762,1.8505712747573853,7.978449821472168,5.112308979034424,-0.2674168050289154,0.4173613786697387,0.0336228755482456,Esther
20.376789093017575,0.9328418970108032,5.162937164306641,-14.19191074371338,-20.479764938354492,-24.782197952270508,2.316240072250366,-8.038870811462402,0.0986435562372207,0.09790276092233,Vanessa
1.9240249395370483,7.557867050170898,1.2132285833358765,10.920208930969238,-4.364727020263672,-8.658026695251465,-11.834911346435549,-11.99043083190918,0.5071560144424438,0.0380998883928571,Erik
41.50400161743164,11.712285995483398,12.94556713104248,-6.8223443031311035,-7.7487335205078125,-9.102191925048828,-10.99023151397705,-7.483692646026611,0.1928072720766067,0.077347206858407,Camila
41.23027420043945,23.52880859375,11.106978416442873,-18.632734298706055,-2.100492000579834,-11.657907485961914,-6.418509483337402,-7.584174156188965,0.5279359817504883,0.0409217247596153,Didier
16.5634708404541,3.935441017150879,9.608755111694336,-16.609050750732422,-23.520652770996097,-20.92138671875,8.004292488098145,-6.079198837280273,0.0782245472073555,0.0509008290816326,Vanessa
15.319177627563477,20.519289016723633,-0.6794992089271545,1.7162694931030271,-16.81454086303711,-18.744901657104492,-15.415021896362305,-13.445195198059082,0.1304754614830017,0.0400732421875,DafneA
12.406147956848145,28.870405197143555,15.011441230773926,-18.276430130004883,-13.927228927612305,-5.567970275878906,-5.839969635009766,-6.492276668548584,0.2922965884208679,0.0554553952991452,Esther
30.27901268005371,23.15304183959961,15.966618537902832,-9.115473747253418,-6.608407020568848,-8.983028411865234,-12.12187385559082,-12.462666511535645,0.1338166892528534,0.0977518927190721,Maria
38.55020523071289,21.937236785888672,26.076274871826172,2.3587779998779297,4.755053997039795,0.226983368396759,-6.2600789070129395,-4.110723972320557,0.3446286022663116,0.0623214493936567,Francisco
12.341143608093262,21.44797706604004,0.2646860778331756,-1.2408974170684814,-19.856548309326172,-23.171884536743164,-12.94961643218994,-14.57175636291504,0.1962513774633407,0.0363709984756097,Mariana
21.936847686767575,20.741151809692383,14.273032188415527,23.49915313720703,-12.43941593170166,-2.936389923095703,-0.6158215999603271,-4.7401041984558105,0.3871903419494629,0.0666385391383495,Ignacio
12.272579193115234,13.522805213928224,2.3179547786712646,12.800161361694336,2.654120922088623,-1.9230743646621704,-3.996685028076172,-10.59018325805664,0.4652143120765686,0.0357979910714285,Erik
28.09013938903809,19.948686599731445,31.487300872802734,2.442861795425415,4.052745342254639,-10.70877742767334,7.988103866577148,-3.838404655456543,0.1846947968006134,0.0962286086309523,Lex
36.23102188110352,16.46024513244629,19.96795654296875,-14.048291206359863,-2.998786211013794,-13.77985668182373,-11.100558280944824,-3.1370363235473633,0.1921742707490921,0.0698501451880531,Camila
14.80949592590332,-26.9805850982666,-15.577255249023438,-34.040191650390625,-21.116344451904297,-14.72134780883789,-15.462701797485352,-13.586020469665527,0.161742627620697,0.1607638888888889,AleM
-3.629120349884033,-11.8513765335083,-12.769415855407717,-26.02364158630371,-22.804039001464844,0.9676082134246826,-17.00652503967285,-11.00378704071045,0.1417926847934723,0.0808241102430555,BetoM
12.793185234069824,20.219091415405273,4.093330383300781,-8.208061218261719,-17.226781845092773,-6.388716697692871,-0.2053255289793014,-8.609216690063477,0.1848916262388229,0.0886614118303571,Irma
34.07771682739258,31.93225860595703,25.149152755737305,-15.568368911743164,0.0495821945369243,-12.728501319885254,2.391064405441284,-4.8305158615112305,0.2696639001369476,0.0795947265625,Sergio
27.63912010192871,39.6463737487793,32.79343032836914,14.508237838745115,-14.887799263000488,-7.378419399261475,8.750664710998535,-6.82697868347168,0.2297890037298202,0.0334444594109195,Marlon
34.57719421386719,30.1881046295166,17.876323699951172,0.14113749563694,-5.246846675872803,-2.9752399921417236,-3.5704660415649414,-12.722312927246094,0.4713967442512512,0.0975566007653061,LuisG
12.220515251159668,-6.6468658447265625,12.917319297790527,-17.875898361206055,-32.40692138671875,-3.5894787311553955,5.635375499725342,-10.648249626159668,0.2017590254545211,0.0736319165711009,Vanessa
35.3204460144043,28.80382537841797,11.807427406311035,-20.649621963500977,-11.168245315551758,-11.39931297302246,-6.865541934967041,-9.22031593322754,0.1813183277845382,0.0428691007653061,Maria
15.853924751281738,27.94914436340332,10.39861011505127,-8.286676406860352,-8.060233116149902,5.028397560119629,-8.729958534240723,-13.655308723449709,0.257923811674118,0.0457964886675824,Mario
7.422523498535156,28.317134857177734,9.779223442077637,-10.559395790100098,-3.2926154136657715,-13.93313980102539,-7.741616725921631,-13.292535781860352,0.2960653901100158,0.0708711641328828,Yosira
26.112709045410156,30.106346130371097,15.673662185668944,18.33066177368164,-1.9824481010437012,-3.9473137855529785,3.604737520217895,-2.9164681434631348,0.4672269523143768,0.0463397686298076,David
31.082611083984375,15.318877220153809,10.69175624847412,15.872027397155762,-6.220508098602295,-4.329319477081299,-2.787334442138672,-6.662879943847656,0.3969266712665558,0.1099723149271844,Ignacio
26.497257232666016,35.34748077392578,18.08436393737793,23.998647689819336,7.630196571350098,-3.1963019371032715,2.970081329345703,3.873735189437866,0.2889349162578583,0.039794921875,David
7.672052383422852,14.048645973205566,-6.101785182952881,-10.884564399719238,-26.381797790527344,-19.660764694213867,-13.070219039916992,-17.137414932250977,0.3936831057071686,0.0385464303861788,Mariana
26.8344669342041,22.820087432861328,13.570565223693848,-3.100250005722046,-18.652189254760746,-0.6650354266166687,-14.0078763961792,-7.623028755187988,0.3836012780666351,0.0336767578125,Ignacio
16.34584617614746,38.33576202392578,19.571359634399418,17.86469841003418,0.776536762714386,-2.0651676654815674,1.0951080322265625,-4.704306125640869,0.4529593884944916,0.053494610363924,David
6.802909851074219,20.760347366333008,-7.815886497497559,-17.406143188476562,-13.614486694335938,-17.95646858215332,-23.004222869873047,-11.957355499267578,0.2018893212080001,0.0574626681170886,Ariana
1.8266218900680544,3.008345603942871,-7.304429531097412,-14.533512115478516,-0.3144133687019348,-32.46754837036133,-6.803471565246582,-2.5432629585266113,0.2015207558870315,0.1063154504654255,Cielo
4.355489253997803,5.970448970794678,-6.047502517700195,-14.47921371459961,-19.856834411621097,-12.271931648254396,-9.238926887512209,-22.62674903869629,0.1163333877921104,0.1210311498397435,BetoM
39.486427307128906,29.03607177734375,18.763994216918945,3.665696144104004,3.276061773300171,6.767409324645996,-1.5411192178726196,-11.786457061767578,0.3007344007492065,0.0403624695616883,Mario
20.98773956298828,11.964395523071287,-11.942033767700195,-20.991214752197266,-2.0305089950561523,-13.98900318145752,-14.17369270324707,-2.26996111869812,0.2338389456272125,0.123023056402439,AdriaM
33.12131118774414,26.412181854248047,19.756364822387695,-15.539937019348145,-7.37659215927124,-11.38210105895996,-10.727097511291504,-12.579909324645996,0.1433999687433242,0.0868234536082474,Maria
21.70585250854492,1.5867176055908203,1.6483056545257568,-11.10786247253418,-16.562307357788086,-19.22334861755371,-4.1154937744140625,-6.724358558654785,0.1017752885818481,0.1105696298543689,Vanessa
49.394657135009766,27.77276611328125,17.928194046020508,-8.485318183898926,1.5710437297821045,-5.123081684112549,-5.2586259841918945,-6.117929935455322,0.230553314089775,0.0660691784274193,Francisco
19.863889694213867,36.6973762512207,35.673797607421875,18.21894073486328,-15.561750411987305,-7.302628517150879,9.896805763244627,-9.371418952941896,0.2653934955596924,0.0310196786556603,Marlon
15.02751350402832,19.84461212158203,-6.759809494018555,-3.488213300704956,-13.83790397644043,-11.7839994430542,-16.82644271850586,-11.641883850097656,0.2321591526269912,0.0606991347446236,AndresCalzada
-1.869081974029541,17.859882354736328,-4.389769077301025,-17.146459579467773,-25.100278854370117,-2.3522353172302246,-11.048791885375977,-23.03387451171875,0.2073787152767181,0.0427589416503906,Irma
49.49322891235352,32.65247344970703,9.930790901184082,-3.843705415725708,-10.50568675994873,-1.969241976737976,-0.5383743643760681,-13.566267013549805,0.1939325034618377,0.0262734769570707,Marlon
18.690977096557617,-14.236909866333008,-25.43748664855957,-38.64008712768555,-17.576154708862305,-16.479013442993164,-12.606375694274902,-17.3515567779541,0.0613037981092929,0.1592705305232558,AleM
11.008899688720703,9.398360252380373,-5.0056562423706055,-6.664083480834961,-26.758079528808594,-18.888687133789062,-15.07940673828125,-13.431190490722656,0.2945545315742492,0.0407275390625,DafneA
29.422561645507812,-17.7707462310791,-18.321510314941406,-23.045175552368164,-22.33930778503418,-15.77162265777588,-8.502098083496094,-11.288853645324709,0.1081352308392524,0.1558736165364583,AleM
32.619171142578125,24.378673553466797,15.589544296264648,-16.790571212768555,-14.630136489868164,-9.70871353149414,-13.360569953918455,-11.953167915344238,0.1089952364563942,0.0570137455778301,Maria
39.702667236328125,22.441774368286133,8.008112907409668,-8.841704368591309,-5.49010705947876,-7.15599250793457,-10.780470848083496,-10.213459014892578,0.1397777795791626,0.0662945246292373,Maria
40.49787521362305,14.67656135559082,11.732658386230469,-5.754561424255371,-4.582004070281982,-6.9810590744018555,-8.96240234375,-5.6554999351501465,0.1371383816003799,0.0644618443080357,Camila
36.4887809753418,15.796566009521484,11.19477081298828,-20.166135787963867,-9.966053009033203,-21.621315002441406,-7.645407199859619,-11.726533889770508,0.3883102238178253,0.0424389128989361,Didier
-2.5705387592315674,4.101325988769531,-2.5000216960906982,-14.537318229675291,-31.755210876464844,-10.197883605957031,-7.6207685470581055,-24.22197532653809,0.1165754199028015,0.0979352678571428,BetoM
5.56725549697876,6.255089282989502,-7.976226329803467,-17.47455406188965,-20.68341827392578,-11.954632759094238,-8.977325439453125,-21.605045318603516,0.1581674367189407,0.1319949127906976,BetoM
2.621370315551758,24.336191177368164,1.440436840057373,0.0505534261465072,2.580963611602783,-4.8531928062438965,-13.479288101196287,-10.461014747619627,0.6153163909912109,0.0404904149159663,Erik
34.32124328613281,19.16634178161621,14.08328342437744,-4.754408836364746,-6.4919891357421875,-9.022345542907717,-10.126432418823242,-6.610763072967529,0.3945690095424652,0.0638712565104166,Didier
29.7674617767334,16.6133975982666,12.235503196716309,-17.992036819458008,-4.804375648498535,-17.676664352416992,-3.5194668769836426,-3.514756441116333,0.1903611421585083,0.0974648965371621,Camila
32.096282958984375,26.06801986694336,23.20180892944336,-0.1584765464067459,-6.162290096282959,-2.3682429790496826,6.232696056365967,-10.01686191558838,0.3230644464492798,0.0994014033564814,Lex
25.96222496032715,21.58441925048828,4.330811023712158,-8.466870307922363,-13.7832612991333,-2.9801745414733887,-2.1725950241088867,-6.63484001159668,0.2368653267621994,0.0739602481617647,Esther
14.682360649108888,-37.01026153564453,-27.147994995117188,-34.36185073852539,-15.615630149841309,-14.476314544677734,-13.5629301071167,-10.111566543579102,0.1038542464375495,0.1127278645833333,AleM
22.994543075561523,11.15248680114746,5.1822052001953125,-14.560173988342283,-9.230076789855955,-13.00906753540039,-11.557428359985352,-2.777214765548706,0.29755699634552,0.1975416100543478,MauM
30.23758316040039,11.075932502746582,3.303508996963501,-2.6216702461242676,-10.914972305297852,-10.299930572509766,-11.15830421447754,-16.509889602661133,0.1921532750129699,0.0776560566212871,DafneA
31.73048973083496,-38.44864273071289,-22.990415573120117,-29.35506248474121,-24.799074172973633,-14.4199800491333,-15.489891052246094,-17.491188049316406,0.1062791049480438,0.137176513671875,AleM
10.931032180786133,-14.82580280303955,-13.065481185913086,-40.72819137573242,-20.760087966918945,-14.511615753173828,-14.058890342712402,-10.620620727539062,0.1442300379276275,0.1608664772727272,AleM
16.773406982421875,8.935335159301758,-14.09979248046875,-22.596967697143555,-10.258227348327637,-17.06995391845703,-16.957977294921875,-5.753229141235352,0.3019227981567383,0.1426282051282051,AdriaM
24.147266387939453,13.93239974975586,18.794193267822266,9.515259742736816,-24.08209800720215,2.863307237625122,-8.066136360168457,-3.5129315853118896,0.4263384044170379,0.0795002508600917,Ignacio
4.558830261230469,21.161117553710938,-10.953186988830566,-17.51816177368164,-13.195344924926758,-13.482757568359377,-15.631133079528809,-8.124672889709473,0.3631053268909454,0.0650959256329113,Ariana
47.652618408203125,34.95247268676758,24.53843879699707,8.10781192779541,-12.521928787231444,-2.0349042415618896,4.2331061363220215,-10.143327713012695,0.313937783241272,0.0346851014254386,Marlon
11.57728672027588,0.8679013252258301,1.0725500583648682,-16.633277893066406,-15.473727226257324,-19.02364921569824,2.609046220779419,-7.276230335235596,0.1926654428243637,0.1504182635613207,Cielo
-1.2319008111953735,15.945897102355955,-5.714954853057861,-14.291363716125488,-24.346967697143555,0.2911663651466369,-7.26286506652832,-19.519737243652344,0.1547813713550567,0.0585419625946969,Irma
46.31061172485352,20.23261260986328,11.71506404876709,-13.81001091003418,-3.705532550811768,-9.778885841369627,-11.381136894226074,-13.080299377441406,0.1623423248529434,0.0428611626059322,Maria
14.446590423583984,40.15455627441406,30.462812423706055,3.2175400257110596,-22.82458114624023,0.7019416689872742,4.394986629486084,-18.215652465820312,0.3996603488922119,0.0347002137382075,Marlon
21.312265396118164,4.482782363891602,15.222084999084473,-3.390669584274292,-17.69219207763672,-12.71668815612793,0.653099000453949,-11.159785270690918,0.0864475816488266,0.089072265625,Vanessa
10.533102989196776,25.656755447387695,-8.100934028625488,-5.215591907501221,-20.42333221435547,-19.86736297607422,-12.7841796875,-11.99207592010498,0.5056214928627014,0.0480455372431506,AndresCalzada
33.2785758972168,22.80332946777344,19.84800148010254,-0.0930494964122772,-4.646035194396973,-1.6918197870254517,2.316845178604126,-3.877789497375488,0.5001682043075562,0.093408203125,Sergio
15.101661682128906,30.864831924438477,20.451114654541016,26.951948165893555,-2.870063543319702,-15.025290489196776,-1.8403061628341677,0.2955095171928406,0.3059059381484985,0.0570475260416666,David
45.77524185180664,24.557504653930664,26.502063751220703,-11.791498184204102,1.2403416633605957,-6.132250785827637,-14.575885772705078,-12.02761173248291,0.1953350901603698,0.0672044020432692,Francisco
32.89679718017578,25.342466354370117,17.603317260742188,2.4124245643615723,-4.840829372406006,-4.077797889709473,-1.319490671157837,-8.426923751831055,0.4457705616950989,0.1267338966836734,LuisG
23.228591918945312,30.942792892456055,17.557411193847656,24.722169876098633,1.5131237506866455,-8.102892875671387,3.478327989578247,1.5203973054885864,0.2872547209262848,0.0421022901348039,David
37.85946273803711,24.59510803222656,26.971635818481445,0.1587785929441452,10.550848960876465,-11.884685516357422,-5.321297645568848,-2.043652057647705,0.3404258191585541,0.0727135220864661,Sergio
31.490983963012695,23.58749771118164,13.74614715576172,-21.78347969055176,-7.729060649871826,-10.067700386047363,-9.30407428741455,-7.507410049438477,0.1104405000805854,0.071431657909292,Maria
6.204142093658447,-10.003118515014648,-20.59081268310547,-23.778047561645508,-21.010377883911133,-7.137474536895752,-19.77967834472656,-11.008962631225586,0.3701978027820587,0.0919672056686046,BetoM
8.45728874206543,28.97152328491211,20.886608123779297,16.443124771118164,-19.413583755493164,-13.88527011871338,1.4933823347091677,-2.5159733295440674,0.396617442369461,0.0661485460069444,David
19.76942253112793,9.005926132202148,14.657136917114258,5.4123945236206055,6.093026161193848,-6.5565080642700195,-5.152556419372559,-2.2893567085266113,0.1906686127185821,0.1497078954646017,Cielo
16.385234832763672,17.68901252746582,10.48708152770996,-2.794015884399414,-6.023179531097412,-19.247753143310547,-4.14354944229126,-6.892548084259033,0.2421959340572357,0.0697599712171052,Yosira
35.110923767089844,35.15469741821289,10.70985984802246,-4.312037467956543,-4.84872579574585,6.09313440322876,-8.556912422180176,-17.971477508544922,0.2094345986843109,0.0307947107263513,Mario
23.673189163208008,12.220356941223145,-11.621208190917969,-7.8714599609375,-11.662957191467283,-21.216907501220703,-19.147193908691406,-14.057486534118652,0.1491584330797195,0.0231834349593495,Mariana
50.810829162597656,39.26771926879883,19.253093719482425,4.401803493499756,-7.8329620361328125,-2.8038017749786377,7.250077247619629,-6.664347171783447,0.2784744501113891,0.025365964330808,Marlon
11.720852851867676,-21.921031951904297,-13.737412452697754,-42.268898010253906,-24.42490577697754,-10.51421356201172,-22.753686904907227,-6.2493791580200195,0.1005444079637527,0.1164444633152173,AleM
44.21865463256836,19.619409561157227,21.424354553222656,-1.6333237886428833,-3.7771406173706055,-1.5031903982162476,3.5825047492980957,-9.11215591430664,0.4203524887561798,0.0942044399752475,Lex
15.53821086883545,12.311464309692385,5.484004497528076,8.046834945678711,-9.65347385406494,-0.8820030689239502,-1.791106343269348,-15.78860092163086,0.633783221244812,0.0280539772727272,Erik
27.991535186767575,16.374013900756836,7.41196870803833,-2.091937780380249,-10.911298751831056,-11.559340476989746,-9.777482986450195,-11.91284465789795,0.115745909512043,0.0589124177631578,DafneA
23.166418075561523,23.457773208618164,7.219850540161133,-7.171275615692139,-11.689534187316896,-4.750048637390137,-6.081492900848389,-8.141069412231445,0.2466302961111068,0.0700620993589743,Esther
7.045594215393066,5.915024757385254,-7.250593662261963,-21.229772567749023,-21.365921020507812,-12.060342788696287,0.2993369102478027,-22.22553062438965,0.1837096363306045,0.1144287109375,BetoM
14.730157852172852,-29.482580184936523,-27.408784866333008,-42.99691390991211,-13.979740142822266,-12.031085968017578,-11.161864280700684,-5.401031970977783,0.1433154195547104,0.1560169566761363,AleM
24.64677619934082,12.467841148376465,7.974357604980469,-17.19500160217285,-9.66792106628418,-14.124314308166504,-14.947132110595703,-3.782217979431152,0.3178107142448425,0.1927575399709302,MauM
26.37520980834961,34.872703552246094,19.289636611938477,24.849048614501953,3.5018198490142822,-12.09465789794922,-1.4989031553268433,-0.6413642764091492,0.278390496969223,0.0381971302599009,David
32.098323822021484,11.256701469421388,-11.47214412689209,-40.74249267578125,-6.744777202606201,-24.882354736328125,-15.817110061645508,5.501844882965088,0.2563990950584411,0.1471656976744186,MauM
24.051454544067383,18.932825088500977,2.431396484375,-14.147870063781738,-9.931785583496094,3.1813766956329346,-6.622127532958984,-9.971755027770996,0.3325885832309723,0.0243091425619834,Esther
0.2863761186599731,0.4570323228836059,-0.6318490505218506,-15.922308921813965,-24.15321159362793,-7.808855533599853,-5.652669906616211,-19.188344955444336,0.1591805070638656,0.1318901909722222,BetoM
41.85581588745117,15.158862113952637,10.974853515625,-3.2266459465026855,-5.113590717315674,-5.692440032958984,-7.374755859375,-7.842315196990967,0.238267034292221,0.0612535978618421,Camila
24.564878463745117,19.414535522460938,8.286187171936035,4.6693854331970215,2.939155340194702,0.3343971073627472,-1.23878276348114,-3.939347267150879,0.4604620933532715,0.0808904867256637,Erik
36.99129867553711,19.981504440307617,10.829169273376465,-21.554176330566406,-6.37468147277832,-16.63806915283203,-3.4094090461730957,-12.467486381530762,0.5154381394386292,0.0568482406496063,Didier
54.52181243896485,28.432905197143555,13.69298267364502,6.022725582122803,-12.098955154418944,-6.703554153442383,12.093729972839355,-3.755098342895508,0.2200250327587127,0.0231597620412844,Marlon
33.532081604003906,22.563352584838867,8.466572761535645,-10.605896949768066,-10.269104957580566,-11.22324562072754,-9.163084983825684,-8.217613220214844,0.1828683018684387,0.0561971859056122,Maria
